CREATE DATABASE  IF NOT EXISTS `centro01` /*!40100 DEFAULT CHARACTER SET utf8 */;
USE `centro01`;
-- MySQL dump 10.13  Distrib 5.5.43, for debian-linux-gnu (x86_64)
--
-- Host: localhost    Database: centro01
-- ------------------------------------------------------
-- Server version	5.5.43-0+deb8u1

/*!40101 SET @OLD_CHARACTER_SET_CLIENT=@@CHARACTER_SET_CLIENT */;
/*!40101 SET @OLD_CHARACTER_SET_RESULTS=@@CHARACTER_SET_RESULTS */;
/*!40101 SET @OLD_COLLATION_CONNECTION=@@COLLATION_CONNECTION */;
/*!40101 SET NAMES utf8 */;
/*!40103 SET @OLD_TIME_ZONE=@@TIME_ZONE */;
/*!40103 SET TIME_ZONE='+00:00' */;
/*!40014 SET @OLD_UNIQUE_CHECKS=@@UNIQUE_CHECKS, UNIQUE_CHECKS=0 */;
/*!40014 SET @OLD_FOREIGN_KEY_CHECKS=@@FOREIGN_KEY_CHECKS, FOREIGN_KEY_CHECKS=0 */;
/*!40101 SET @OLD_SQL_MODE=@@SQL_MODE, SQL_MODE='NO_AUTO_VALUE_ON_ZERO' */;
/*!40111 SET @OLD_SQL_NOTES=@@SQL_NOTES, SQL_NOTES=0 */;

--
-- Table structure for table `Alumno`
--

DROP TABLE IF EXISTS `Alumno`;
/*!40101 SET @saved_cs_client     = @@character_set_client */;
/*!40101 SET character_set_client = utf8 */;
CREATE TABLE `Alumno` (
  `idAlumno` int(11) NOT NULL,
  `nombreAlumno` varchar(45) NOT NULL,
  `apellidosAlumno` varchar(45) NOT NULL,
  `direccionAlumno` varchar(45) NOT NULL,
  `emailAlumno` varchar(45) NOT NULL,
  PRIMARY KEY (`idAlumno`)
) ENGINE=InnoDB DEFAULT CHARSET=utf8;
/*!40101 SET character_set_client = @saved_cs_client */;

--
-- Dumping data for table `Alumno`
--

LOCK TABLES `Alumno` WRITE;
/*!40000 ALTER TABLE `Alumno` DISABLE KEYS */;
INSERT INTO `Alumno` VALUES (1,'Alvaro','Juanitez','C/ Pepiño','alvaro@gmail.com'),(2,'Rober','De Diez','C/ Popiro','robor@gmail.com'),(3,'Juan','De Sila','C/ Pepito','dsgfd2@alnsfs.es'),(4,'Chuchi','Ramirez','C/ Canaletas','chuchi@gmail.com'),(5,'Fermín','Trujillo','C/ Mirador','truji@gmail.com'),(6,'Juanito','Valderrama','C/ Lopetegui','jutio@gmail.com'),(7,'María','Trujillo','C/ pepepepe','masf@gmail.com');
/*!40000 ALTER TABLE `Alumno` ENABLE KEYS */;
UNLOCK TABLES;

--
-- Table structure for table `AlumnoCurso`
--

DROP TABLE IF EXISTS `AlumnoCurso`;
/*!40101 SET @saved_cs_client     = @@character_set_client */;
/*!40101 SET character_set_client = utf8 */;
CREATE TABLE `AlumnoCurso` (
  `idAlumnoCurso` int(11) NOT NULL AUTO_INCREMENT,
  `codigoAlumno` int(11) NOT NULL,
  `codigoCurso` int(11) NOT NULL,
  `calificacionAlumnoCurso` decimal(3,2) DEFAULT NULL,
  `faltasAlumnoCurso` int(11) DEFAULT NULL,
  PRIMARY KEY (`idAlumnoCurso`),
  KEY `fk_AlumnoCurso_1_idx` (`codigoCurso`),
  KEY `fk_AlumnoCurso_2_idx` (`codigoAlumno`),
  CONSTRAINT `fk_AlumnoCurso_1` FOREIGN KEY (`codigoCurso`) REFERENCES `Curso` (`idCurso`) ON DELETE NO ACTION ON UPDATE NO ACTION,
  CONSTRAINT `fk_AlumnoCurso_2` FOREIGN KEY (`codigoAlumno`) REFERENCES `Alumno` (`idAlumno`) ON DELETE NO ACTION ON UPDATE NO ACTION
) ENGINE=InnoDB AUTO_INCREMENT=17 DEFAULT CHARSET=utf8;
/*!40101 SET character_set_client = @saved_cs_client */;

--
-- Dumping data for table `AlumnoCurso`
--

LOCK TABLES `AlumnoCurso` WRITE;
/*!40000 ALTER TABLE `AlumnoCurso` DISABLE KEYS */;
INSERT INTO `AlumnoCurso` VALUES (1,1,1,0.00,0),(2,2,1,0.00,0),(5,3,1,NULL,NULL),(6,4,4,NULL,NULL),(7,5,4,NULL,NULL),(12,6,4,NULL,NULL),(13,6,3,NULL,NULL),(14,7,4,NULL,NULL),(15,7,3,NULL,NULL),(16,7,1,NULL,NULL);
/*!40000 ALTER TABLE `AlumnoCurso` ENABLE KEYS */;
UNLOCK TABLES;

--
-- Table structure for table `Centro`
--

DROP TABLE IF EXISTS `Centro`;
/*!40101 SET @saved_cs_client     = @@character_set_client */;
/*!40101 SET character_set_client = utf8 */;
CREATE TABLE `Centro` (
  `idCentro` int(11) NOT NULL,
  `nombreCentro` varchar(45) NOT NULL,
  `descripcionCentro` varchar(100) NOT NULL,
  `resumenCentro` varchar(45) NOT NULL,
  `direccionCentro` varchar(45) NOT NULL,
  PRIMARY KEY (`idCentro`)
) ENGINE=InnoDB DEFAULT CHARSET=utf8;
/*!40101 SET character_set_client = @saved_cs_client */;

--
-- Dumping data for table `Centro`
--

LOCK TABLES `Centro` WRITE;
/*!40000 ALTER TABLE `Centro` DISABLE KEYS */;
INSERT INTO `Centro` VALUES (1,'IES Giner de los Rios','Centro muy bonito','precioso','C/ Lirios');
/*!40000 ALTER TABLE `Centro` ENABLE KEYS */;
UNLOCK TABLES;

--
-- Table structure for table `Curso`
--

DROP TABLE IF EXISTS `Curso`;
/*!40101 SET @saved_cs_client     = @@character_set_client */;
/*!40101 SET character_set_client = utf8 */;
CREATE TABLE `Curso` (
  `idCurso` int(11) NOT NULL,
  `nombreCurso` varchar(45) NOT NULL,
  `descripcionCurso` varchar(45) NOT NULL,
  `horasCurso` int(11) NOT NULL,
  `codigoProfesor` int(11) NOT NULL,
  PRIMARY KEY (`idCurso`),
  KEY `fk_Curso_1_idx` (`codigoProfesor`),
  CONSTRAINT `fk_Curso_1` FOREIGN KEY (`codigoProfesor`) REFERENCES `Profesor` (`idProfesor`) ON DELETE NO ACTION ON UPDATE NO ACTION
) ENGINE=InnoDB DEFAULT CHARSET=utf8;
/*!40101 SET character_set_client = @saved_cs_client */;

--
-- Dumping data for table `Curso`
--

LOCK TABLES `Curso` WRITE;
/*!40000 ALTER TABLE `Curso` DISABLE KEYS */;
INSERT INTO `Curso` VALUES (1,'Seguridad en la Red','Sistemas de protección del sistema operativo',30,1),(2,'Redes 1º','Redes locales y otras',20,2),(3,'Sistemas 1º','Sistemas informáticos y gestión de recursos d',20,1),(4,'Servicios de Red','Servicios ofrecidos por el sistema operativo',25,1);
/*!40000 ALTER TABLE `Curso` ENABLE KEYS */;
UNLOCK TABLES;

--
-- Table structure for table `Documento`
--

DROP TABLE IF EXISTS `Documento`;
/*!40101 SET @saved_cs_client     = @@character_set_client */;
/*!40101 SET character_set_client = utf8 */;
CREATE TABLE `Documento` (
  `idDocumento` int(11) NOT NULL,
  `descripcionDocumento` varchar(45) NOT NULL,
  `codigoCurso` int(11) NOT NULL,
  PRIMARY KEY (`idDocumento`),
  KEY `fk_Documento_1_idx` (`codigoCurso`),
  CONSTRAINT `fk_Documento_1` FOREIGN KEY (`codigoCurso`) REFERENCES `Curso` (`idCurso`) ON DELETE NO ACTION ON UPDATE NO ACTION
) ENGINE=InnoDB DEFAULT CHARSET=utf8;
/*!40101 SET character_set_client = @saved_cs_client */;

--
-- Dumping data for table `Documento`
--

LOCK TABLES `Documento` WRITE;
/*!40000 ALTER TABLE `Documento` DISABLE KEYS */;
/*!40000 ALTER TABLE `Documento` ENABLE KEYS */;
UNLOCK TABLES;

--
-- Table structure for table `Evento`
--

DROP TABLE IF EXISTS `Evento`;
/*!40101 SET @saved_cs_client     = @@character_set_client */;
/*!40101 SET character_set_client = utf8 */;
CREATE TABLE `Evento` (
  `idEvento` int(11) NOT NULL,
  `nombreEvento` varchar(45) NOT NULL,
  `descripcionEvento` varchar(100) NOT NULL,
  `fechaEvento` varchar(45) NOT NULL,
  `imagenEvento` varchar(45) NOT NULL,
  `codigoCentro` int(11) NOT NULL,
  PRIMARY KEY (`idEvento`),
  KEY `fk_Evento_1_idx` (`codigoCentro`),
  CONSTRAINT `fk_Evento_1` FOREIGN KEY (`codigoCentro`) REFERENCES `Centro` (`idCentro`) ON DELETE NO ACTION ON UPDATE NO ACTION
) ENGINE=InnoDB DEFAULT CHARSET=utf8;
/*!40101 SET character_set_client = @saved_cs_client */;

--
-- Dumping data for table `Evento`
--

LOCK TABLES `Evento` WRITE;
/*!40000 ALTER TABLE `Evento` DISABLE KEYS */;
INSERT INTO `Evento` VALUES (1,'expo','asdasdasdasd','2016-07-15','beach_hd_2-wallpaper-1920x1200.jpg',1);
/*!40000 ALTER TABLE `Evento` ENABLE KEYS */;
UNLOCK TABLES;

--
-- Table structure for table `Examen`
--

DROP TABLE IF EXISTS `Examen`;
/*!40101 SET @saved_cs_client     = @@character_set_client */;
/*!40101 SET character_set_client = utf8 */;
CREATE TABLE `Examen` (
  `idExamen` int(11) NOT NULL,
  `nombreExamen` varchar(45) NOT NULL,
  `descripcionExamen` varchar(45) NOT NULL,
  `fechaExamen` varchar(45) NOT NULL,
  `codigoCurso` int(11) NOT NULL,
  PRIMARY KEY (`idExamen`),
  KEY `fk_Examen_1_idx` (`codigoCurso`),
  CONSTRAINT `fk_Examen_1` FOREIGN KEY (`codigoCurso`) REFERENCES `Curso` (`idCurso`) ON DELETE NO ACTION ON UPDATE NO ACTION
) ENGINE=InnoDB DEFAULT CHARSET=utf8;
/*!40101 SET character_set_client = @saved_cs_client */;

--
-- Dumping data for table `Examen`
--

LOCK TABLES `Examen` WRITE;
/*!40000 ALTER TABLE `Examen` DISABLE KEYS */;
INSERT INTO `Examen` VALUES (1,'examen 1','Extra dificil lo más','2016-08-04',1),(2,'examen 2.2','muy dificil','01/01/2016',1);
/*!40000 ALTER TABLE `Examen` ENABLE KEYS */;
UNLOCK TABLES;

--
-- Table structure for table `Noticia`
--

DROP TABLE IF EXISTS `Noticia`;
/*!40101 SET @saved_cs_client     = @@character_set_client */;
/*!40101 SET character_set_client = utf8 */;
CREATE TABLE `Noticia` (
  `idNoticia` int(11) NOT NULL,
  `nombreNoticia` varchar(45) NOT NULL,
  `descripcionNoticia` varchar(45) NOT NULL,
  `fechaNoticia` varchar(45) NOT NULL,
  `imagenNoticia` varchar(45) NOT NULL,
  `codigoCentro` int(11) NOT NULL,
  PRIMARY KEY (`idNoticia`),
  KEY `fk_Noticia_1_idx` (`codigoCentro`),
  CONSTRAINT `fk_Noticia_1` FOREIGN KEY (`codigoCentro`) REFERENCES `Centro` (`idCentro`) ON DELETE NO ACTION ON UPDATE NO ACTION
) ENGINE=InnoDB DEFAULT CHARSET=utf8;
/*!40101 SET character_set_client = @saved_cs_client */;

--
-- Dumping data for table `Noticia`
--

LOCK TABLES `Noticia` WRITE;
/*!40000 ALTER TABLE `Noticia` DISABLE KEYS */;
INSERT INTO `Noticia` VALUES (1,'primero','primera desc','01/01/2016','imagen',1),(2,'segunda','segunda desc','02/01/2016','imagen',1),(4,'cuarta','cuarta desc','04/01/2016','imagen',1);
/*!40000 ALTER TABLE `Noticia` ENABLE KEYS */;
UNLOCK TABLES;

--
-- Table structure for table `Profesor`
--

DROP TABLE IF EXISTS `Profesor`;
/*!40101 SET @saved_cs_client     = @@character_set_client */;
/*!40101 SET character_set_client = utf8 */;
CREATE TABLE `Profesor` (
  `idProfesor` int(11) NOT NULL,
  `nombreProfesor` varchar(45) NOT NULL,
  `apellidosProfesor` varchar(45) NOT NULL,
  `direccionProfesor` varchar(45) NOT NULL,
  PRIMARY KEY (`idProfesor`)
) ENGINE=InnoDB DEFAULT CHARSET=utf8;
/*!40101 SET character_set_client = @saved_cs_client */;

--
-- Dumping data for table `Profesor`
--

LOCK TABLES `Profesor` WRITE;
/*!40000 ALTER TABLE `Profesor` DISABLE KEYS */;
INSERT INTO `Profesor` VALUES (1,'Juan','Sanchez','jsanches@ies.com'),(2,'Pedro','de Sula','psula@gmail.com');
/*!40000 ALTER TABLE `Profesor` ENABLE KEYS */;
UNLOCK TABLES;

--
-- Table structure for table `Tarea`
--

DROP TABLE IF EXISTS `Tarea`;
/*!40101 SET @saved_cs_client     = @@character_set_client */;
/*!40101 SET character_set_client = utf8 */;
CREATE TABLE `Tarea` (
  `idTarea` int(11) NOT NULL,
  `nombreTarea` varchar(45) NOT NULL,
  `descripcionTarea` varchar(45) NOT NULL,
  `fechaTarea` varchar(45) NOT NULL,
  `codigoCurso` int(11) NOT NULL,
  PRIMARY KEY (`idTarea`),
  KEY `fk_Tarea_1_idx` (`codigoCurso`),
  CONSTRAINT `fk_Tarea_1` FOREIGN KEY (`codigoCurso`) REFERENCES `Curso` (`idCurso`) ON DELETE NO ACTION ON UPDATE NO ACTION
) ENGINE=InnoDB DEFAULT CHARSET=utf8;
/*!40101 SET character_set_client = @saved_cs_client */;

--
-- Dumping data for table `Tarea`
--

LOCK TABLES `Tarea` WRITE;
/*!40000 ALTER TABLE `Tarea` DISABLE KEYS */;
INSERT INTO `Tarea` VALUES (1,'tarea 1','muy dificil','01/01/2016',1),(2,'tarea 2','muy dificil','01/01/2016',1),(3,'Tarea 3','kibas','01/01/2016',1);
/*!40000 ALTER TABLE `Tarea` ENABLE KEYS */;
UNLOCK TABLES;

--
-- Table structure for table `Telefono`
--

DROP TABLE IF EXISTS `Telefono`;
/*!40101 SET @saved_cs_client     = @@character_set_client */;
/*!40101 SET character_set_client = utf8 */;
CREATE TABLE `Telefono` (
  `idTelefono` varchar(20) NOT NULL,
  `Telefono` varchar(45) NOT NULL,
  `codigoCentro` int(11) NOT NULL,
  PRIMARY KEY (`idTelefono`)
) ENGINE=InnoDB DEFAULT CHARSET=utf8;
/*!40101 SET character_set_client = @saved_cs_client */;

--
-- Dumping data for table `Telefono`
--

LOCK TABLES `Telefono` WRITE;
/*!40000 ALTER TABLE `Telefono` DISABLE KEYS */;
INSERT INTO `Telefono` VALUES ('Conserjería','923214758',1),('Recepción','923225588',1);
/*!40000 ALTER TABLE `Telefono` ENABLE KEYS */;
UNLOCK TABLES;

--
-- Table structure for table `Usuario`
--

DROP TABLE IF EXISTS `Usuario`;
/*!40101 SET @saved_cs_client     = @@character_set_client */;
/*!40101 SET character_set_client = utf8 */;
CREATE TABLE `Usuario` (
  `idUsuario` int(11) NOT NULL,
  `nombreUsuario` varchar(15) NOT NULL,
  `passUsuario` varchar(10) NOT NULL,
  PRIMARY KEY (`idUsuario`)
) ENGINE=InnoDB DEFAULT CHARSET=utf8;
/*!40101 SET character_set_client = @saved_cs_client */;

--
-- Dumping data for table `Usuario`
--

LOCK TABLES `Usuario` WRITE;
/*!40000 ALTER TABLE `Usuario` DISABLE KEYS */;
INSERT INTO `Usuario` VALUES (1,'Juan','123456'),(2,'Pedro','123456'),(999999,'Secretario','123456');
/*!40000 ALTER TABLE `Usuario` ENABLE KEYS */;
UNLOCK TABLES;

--
-- Dumping routines for database 'centro01'
--
/*!50003 DROP PROCEDURE IF EXISTS `deleteAlumno` */;
/*!50003 SET @saved_cs_client      = @@character_set_client */ ;
/*!50003 SET @saved_cs_results     = @@character_set_results */ ;
/*!50003 SET @saved_col_connection = @@collation_connection */ ;
/*!50003 SET character_set_client  = utf8 */ ;
/*!50003 SET character_set_results = utf8 */ ;
/*!50003 SET collation_connection  = utf8_general_ci */ ;
/*!50003 SET @saved_sql_mode       = @@sql_mode */ ;
/*!50003 SET sql_mode              = '' */ ;
DELIMITER ;;
CREATE DEFINER=`root`@`localhost` PROCEDURE `deleteAlumno`(IN id INT)
BEGIN
	DELETE FROM AlumnoCurso
    where codigoAlumno = id;
    delete from Alumno
    where idAlumno=id;
END ;;
DELIMITER ;
/*!50003 SET sql_mode              = @saved_sql_mode */ ;
/*!50003 SET character_set_client  = @saved_cs_client */ ;
/*!50003 SET character_set_results = @saved_cs_results */ ;
/*!50003 SET collation_connection  = @saved_col_connection */ ;
/*!50003 DROP PROCEDURE IF EXISTS `deleteCurso` */;
/*!50003 SET @saved_cs_client      = @@character_set_client */ ;
/*!50003 SET @saved_cs_results     = @@character_set_results */ ;
/*!50003 SET @saved_col_connection = @@collation_connection */ ;
/*!50003 SET character_set_client  = utf8 */ ;
/*!50003 SET character_set_results = utf8 */ ;
/*!50003 SET collation_connection  = utf8_general_ci */ ;
/*!50003 SET @saved_sql_mode       = @@sql_mode */ ;
/*!50003 SET sql_mode              = '' */ ;
DELIMITER ;;
CREATE DEFINER=`root`@`localhost` PROCEDURE `deleteCurso`(IN id INT)
BEGIN
	DELETE FROM Curso
    WHERE idCurso=id;
END ;;
DELIMITER ;
/*!50003 SET sql_mode              = @saved_sql_mode */ ;
/*!50003 SET character_set_client  = @saved_cs_client */ ;
/*!50003 SET character_set_results = @saved_cs_results */ ;
/*!50003 SET collation_connection  = @saved_col_connection */ ;
/*!50003 DROP PROCEDURE IF EXISTS `deleteEvento` */;
/*!50003 SET @saved_cs_client      = @@character_set_client */ ;
/*!50003 SET @saved_cs_results     = @@character_set_results */ ;
/*!50003 SET @saved_col_connection = @@collation_connection */ ;
/*!50003 SET character_set_client  = utf8 */ ;
/*!50003 SET character_set_results = utf8 */ ;
/*!50003 SET collation_connection  = utf8_general_ci */ ;
/*!50003 SET @saved_sql_mode       = @@sql_mode */ ;
/*!50003 SET sql_mode              = '' */ ;
DELIMITER ;;
CREATE DEFINER=`root`@`localhost` PROCEDURE `deleteEvento`(IN id INT)
BEGIN
	DELETE FROM Evento
    WHERE idEvento=id;
END ;;
DELIMITER ;
/*!50003 SET sql_mode              = @saved_sql_mode */ ;
/*!50003 SET character_set_client  = @saved_cs_client */ ;
/*!50003 SET character_set_results = @saved_cs_results */ ;
/*!50003 SET collation_connection  = @saved_col_connection */ ;
/*!50003 DROP PROCEDURE IF EXISTS `deleteExamen` */;
/*!50003 SET @saved_cs_client      = @@character_set_client */ ;
/*!50003 SET @saved_cs_results     = @@character_set_results */ ;
/*!50003 SET @saved_col_connection = @@collation_connection */ ;
/*!50003 SET character_set_client  = utf8 */ ;
/*!50003 SET character_set_results = utf8 */ ;
/*!50003 SET collation_connection  = utf8_general_ci */ ;
/*!50003 SET @saved_sql_mode       = @@sql_mode */ ;
/*!50003 SET sql_mode              = '' */ ;
DELIMITER ;;
CREATE DEFINER=`root`@`localhost` PROCEDURE `deleteExamen`(IN idExamenIn INT)
BEGIN
	DELETE FROM Examen
    WHERE idExamen=idExamenIn;
END ;;
DELIMITER ;
/*!50003 SET sql_mode              = @saved_sql_mode */ ;
/*!50003 SET character_set_client  = @saved_cs_client */ ;
/*!50003 SET character_set_results = @saved_cs_results */ ;
/*!50003 SET collation_connection  = @saved_col_connection */ ;
/*!50003 DROP PROCEDURE IF EXISTS `deleteNoticia` */;
/*!50003 SET @saved_cs_client      = @@character_set_client */ ;
/*!50003 SET @saved_cs_results     = @@character_set_results */ ;
/*!50003 SET @saved_col_connection = @@collation_connection */ ;
/*!50003 SET character_set_client  = utf8 */ ;
/*!50003 SET character_set_results = utf8 */ ;
/*!50003 SET collation_connection  = utf8_general_ci */ ;
/*!50003 SET @saved_sql_mode       = @@sql_mode */ ;
/*!50003 SET sql_mode              = '' */ ;
DELIMITER ;;
CREATE DEFINER=`root`@`localhost` PROCEDURE `deleteNoticia`(IN id INT)
BEGIN
	DELETE FROM Noticia
    WHERE idNoticia=id;
END ;;
DELIMITER ;
/*!50003 SET sql_mode              = @saved_sql_mode */ ;
/*!50003 SET character_set_client  = @saved_cs_client */ ;
/*!50003 SET character_set_results = @saved_cs_results */ ;
/*!50003 SET collation_connection  = @saved_col_connection */ ;
/*!50003 DROP PROCEDURE IF EXISTS `deleteProfesor` */;
/*!50003 SET @saved_cs_client      = @@character_set_client */ ;
/*!50003 SET @saved_cs_results     = @@character_set_results */ ;
/*!50003 SET @saved_col_connection = @@collation_connection */ ;
/*!50003 SET character_set_client  = utf8 */ ;
/*!50003 SET character_set_results = utf8 */ ;
/*!50003 SET collation_connection  = utf8_general_ci */ ;
/*!50003 SET @saved_sql_mode       = @@sql_mode */ ;
/*!50003 SET sql_mode              = '' */ ;
DELIMITER ;;
CREATE DEFINER=`root`@`localhost` PROCEDURE `deleteProfesor`(IN id INT)
BEGIN
	DELETE FROM Profesor
    WHERE idProfesor=id;
    DELETE FROM Usuario
    WHERE idUsuario=id;
END ;;
DELIMITER ;
/*!50003 SET sql_mode              = @saved_sql_mode */ ;
/*!50003 SET character_set_client  = @saved_cs_client */ ;
/*!50003 SET character_set_results = @saved_cs_results */ ;
/*!50003 SET collation_connection  = @saved_col_connection */ ;
/*!50003 DROP PROCEDURE IF EXISTS `deleteTarea` */;
/*!50003 SET @saved_cs_client      = @@character_set_client */ ;
/*!50003 SET @saved_cs_results     = @@character_set_results */ ;
/*!50003 SET @saved_col_connection = @@collation_connection */ ;
/*!50003 SET character_set_client  = utf8 */ ;
/*!50003 SET character_set_results = utf8 */ ;
/*!50003 SET collation_connection  = utf8_general_ci */ ;
/*!50003 SET @saved_sql_mode       = @@sql_mode */ ;
/*!50003 SET sql_mode              = '' */ ;
DELIMITER ;;
CREATE DEFINER=`root`@`localhost` PROCEDURE `deleteTarea`(IN id INT)
BEGIN
	DELETE FROM Tarea
    WHERE idTarea=id;
END ;;
DELIMITER ;
/*!50003 SET sql_mode              = @saved_sql_mode */ ;
/*!50003 SET character_set_client  = @saved_cs_client */ ;
/*!50003 SET character_set_results = @saved_cs_results */ ;
/*!50003 SET collation_connection  = @saved_col_connection */ ;
/*!50003 DROP PROCEDURE IF EXISTS `deleteTelefono` */;
/*!50003 SET @saved_cs_client      = @@character_set_client */ ;
/*!50003 SET @saved_cs_results     = @@character_set_results */ ;
/*!50003 SET @saved_col_connection = @@collation_connection */ ;
/*!50003 SET character_set_client  = utf8 */ ;
/*!50003 SET character_set_results = utf8 */ ;
/*!50003 SET collation_connection  = utf8_general_ci */ ;
/*!50003 SET @saved_sql_mode       = @@sql_mode */ ;
/*!50003 SET sql_mode              = '' */ ;
DELIMITER ;;
CREATE DEFINER=`root`@`localhost` PROCEDURE `deleteTelefono`(IN descripcion VARCHAR(45))
BEGIN
	DELETE FROM Telefono
    WHERE idTelefono=descripcion;
END ;;
DELIMITER ;
/*!50003 SET sql_mode              = @saved_sql_mode */ ;
/*!50003 SET character_set_client  = @saved_cs_client */ ;
/*!50003 SET character_set_results = @saved_cs_results */ ;
/*!50003 SET collation_connection  = @saved_col_connection */ ;
/*!50003 DROP PROCEDURE IF EXISTS `editCentro` */;
/*!50003 SET @saved_cs_client      = @@character_set_client */ ;
/*!50003 SET @saved_cs_results     = @@character_set_results */ ;
/*!50003 SET @saved_col_connection = @@collation_connection */ ;
/*!50003 SET character_set_client  = utf8 */ ;
/*!50003 SET character_set_results = utf8 */ ;
/*!50003 SET collation_connection  = utf8_general_ci */ ;
/*!50003 SET @saved_sql_mode       = @@sql_mode */ ;
/*!50003 SET sql_mode              = '' */ ;
DELIMITER ;;
CREATE DEFINER=`root`@`localhost` PROCEDURE `editCentro`(IN nombre VARCHAR(45),IN descripcion VARCHAR(45),IN resumen VARCHAR(45),IN direccion VARCHAR(45))
BEGIN
	UPDATE Centro
    SET nombreCentro=nombre,
		descripcionCentro=descripcion,
        resumenCentro=resumen,
        direccionCentro=direccion
	WHERE idCentro=1;
END ;;
DELIMITER ;
/*!50003 SET sql_mode              = @saved_sql_mode */ ;
/*!50003 SET character_set_client  = @saved_cs_client */ ;
/*!50003 SET character_set_results = @saved_cs_results */ ;
/*!50003 SET collation_connection  = @saved_col_connection */ ;
/*!50003 DROP PROCEDURE IF EXISTS `editCurso` */;
/*!50003 SET @saved_cs_client      = @@character_set_client */ ;
/*!50003 SET @saved_cs_results     = @@character_set_results */ ;
/*!50003 SET @saved_col_connection = @@collation_connection */ ;
/*!50003 SET character_set_client  = utf8 */ ;
/*!50003 SET character_set_results = utf8 */ ;
/*!50003 SET collation_connection  = utf8_general_ci */ ;
/*!50003 SET @saved_sql_mode       = @@sql_mode */ ;
/*!50003 SET sql_mode              = '' */ ;
DELIMITER ;;
CREATE DEFINER=`root`@`localhost` PROCEDURE `editCurso`(IN id INT, IN nombre VARCHAR(45), IN descripcion VARCHAR(45), IN horas INT, IN profesor INT)
BEGIN
	UPDATE Curso
    SET nombreCurso=nombre,
		descripcionCurso=descripcion,
        horasCurso=horas,
        codigoProfesor=profesor
	WHERE idCurso=id;
END ;;
DELIMITER ;
/*!50003 SET sql_mode              = @saved_sql_mode */ ;
/*!50003 SET character_set_client  = @saved_cs_client */ ;
/*!50003 SET character_set_results = @saved_cs_results */ ;
/*!50003 SET collation_connection  = @saved_col_connection */ ;
/*!50003 DROP PROCEDURE IF EXISTS `editEvento` */;
/*!50003 SET @saved_cs_client      = @@character_set_client */ ;
/*!50003 SET @saved_cs_results     = @@character_set_results */ ;
/*!50003 SET @saved_col_connection = @@collation_connection */ ;
/*!50003 SET character_set_client  = utf8 */ ;
/*!50003 SET character_set_results = utf8 */ ;
/*!50003 SET collation_connection  = utf8_general_ci */ ;
/*!50003 SET @saved_sql_mode       = @@sql_mode */ ;
/*!50003 SET sql_mode              = '' */ ;
DELIMITER ;;
CREATE DEFINER=`root`@`localhost` PROCEDURE `editEvento`(IN id INT, IN nombre VARCHAR(45), IN descripcion VARCHAR(45), IN fecha VARCHAR(45), IN imagen VARCHAR(45))
BEGIN
	UPDATE Evento
    SET nombreEvento=nombre,
		descripcionEvento=descripcion,
        fechaEvento=fecha,
        imagenEvento=imagen
	WHERE idEvento=id;
END ;;
DELIMITER ;
/*!50003 SET sql_mode              = @saved_sql_mode */ ;
/*!50003 SET character_set_client  = @saved_cs_client */ ;
/*!50003 SET character_set_results = @saved_cs_results */ ;
/*!50003 SET collation_connection  = @saved_col_connection */ ;
/*!50003 DROP PROCEDURE IF EXISTS `editExamen` */;
/*!50003 SET @saved_cs_client      = @@character_set_client */ ;
/*!50003 SET @saved_cs_results     = @@character_set_results */ ;
/*!50003 SET @saved_col_connection = @@collation_connection */ ;
/*!50003 SET character_set_client  = utf8 */ ;
/*!50003 SET character_set_results = utf8 */ ;
/*!50003 SET collation_connection  = utf8_general_ci */ ;
/*!50003 SET @saved_sql_mode       = @@sql_mode */ ;
/*!50003 SET sql_mode              = '' */ ;
DELIMITER ;;
CREATE DEFINER=`root`@`localhost` PROCEDURE `editExamen`(IN idExamenIn INT, IN nombreExamenIn VARCHAR(45), IN descripcionExamenIn VARCHAR(45), IN fechaExamenIn VARCHAR(45), IN codigoCursoIn INT)
BEGIN
	UPDATE Examen
    SET nombreExamen=nombreExamenIn,
		descripcionExamen=descripcionExamenIn,
        fechaExamen=fechaExamenIn,
        codigoCurso=codigoCursoIn
	WHERE idExamen=idExamenIn;
END ;;
DELIMITER ;
/*!50003 SET sql_mode              = @saved_sql_mode */ ;
/*!50003 SET character_set_client  = @saved_cs_client */ ;
/*!50003 SET character_set_results = @saved_cs_results */ ;
/*!50003 SET collation_connection  = @saved_col_connection */ ;
/*!50003 DROP PROCEDURE IF EXISTS `editNoticia` */;
/*!50003 SET @saved_cs_client      = @@character_set_client */ ;
/*!50003 SET @saved_cs_results     = @@character_set_results */ ;
/*!50003 SET @saved_col_connection = @@collation_connection */ ;
/*!50003 SET character_set_client  = utf8 */ ;
/*!50003 SET character_set_results = utf8 */ ;
/*!50003 SET collation_connection  = utf8_general_ci */ ;
/*!50003 SET @saved_sql_mode       = @@sql_mode */ ;
/*!50003 SET sql_mode              = '' */ ;
DELIMITER ;;
CREATE DEFINER=`root`@`localhost` PROCEDURE `editNoticia`(IN id INT, IN nombre VARCHAR(45), IN descripcion VARCHAR(45), IN fecha VARCHAR(45))
BEGIN
	UPDATE Noticia
    SET nombreNoticia=nombre,
		descripcionNoticia=descripcion,
        fechaNoticia=fecha
	WHERE idNoticia=id;
END ;;
DELIMITER ;
/*!50003 SET sql_mode              = @saved_sql_mode */ ;
/*!50003 SET character_set_client  = @saved_cs_client */ ;
/*!50003 SET character_set_results = @saved_cs_results */ ;
/*!50003 SET collation_connection  = @saved_col_connection */ ;
/*!50003 DROP PROCEDURE IF EXISTS `editProfesor` */;
/*!50003 SET @saved_cs_client      = @@character_set_client */ ;
/*!50003 SET @saved_cs_results     = @@character_set_results */ ;
/*!50003 SET @saved_col_connection = @@collation_connection */ ;
/*!50003 SET character_set_client  = utf8 */ ;
/*!50003 SET character_set_results = utf8 */ ;
/*!50003 SET collation_connection  = utf8_general_ci */ ;
/*!50003 SET @saved_sql_mode       = @@sql_mode */ ;
/*!50003 SET sql_mode              = '' */ ;
DELIMITER ;;
CREATE DEFINER=`root`@`localhost` PROCEDURE `editProfesor`(IN id INT, IN nombre VARCHAR(45), IN apellidos VARCHAR(45), IN direccion VARCHAR(45))
BEGIN
	UPDATE Profesor
    SET nombreProfesor=nombre,
		apellidosProfesor=apellidos,
        direccionProfesor=direccion
	WHERE idProfesor=id;
    UPDATE Usuario
    SET nombreUsuario=nombre
    WHERE idUsuario=id;
END ;;
DELIMITER ;
/*!50003 SET sql_mode              = @saved_sql_mode */ ;
/*!50003 SET character_set_client  = @saved_cs_client */ ;
/*!50003 SET character_set_results = @saved_cs_results */ ;
/*!50003 SET collation_connection  = @saved_col_connection */ ;
/*!50003 DROP PROCEDURE IF EXISTS `editTarea` */;
/*!50003 SET @saved_cs_client      = @@character_set_client */ ;
/*!50003 SET @saved_cs_results     = @@character_set_results */ ;
/*!50003 SET @saved_col_connection = @@collation_connection */ ;
/*!50003 SET character_set_client  = utf8 */ ;
/*!50003 SET character_set_results = utf8 */ ;
/*!50003 SET collation_connection  = utf8_general_ci */ ;
/*!50003 SET @saved_sql_mode       = @@sql_mode */ ;
/*!50003 SET sql_mode              = '' */ ;
DELIMITER ;;
CREATE DEFINER=`root`@`localhost` PROCEDURE `editTarea`(IN id INT, IN nombre VARCHAR(45), IN descripcion VARCHAR(45), IN fecha VARCHAR(45), IN curso INT)
BEGIN
	UPDATE Tarea
    SET
		idTarea=id,
        nombreTarea=nombre,
        descripcionTarea=descripcion,
        fechaTarea=fecha,
        codigoCurso=curso
    WHERE idTarea=id;
END ;;
DELIMITER ;
/*!50003 SET sql_mode              = @saved_sql_mode */ ;
/*!50003 SET character_set_client  = @saved_cs_client */ ;
/*!50003 SET character_set_results = @saved_cs_results */ ;
/*!50003 SET collation_connection  = @saved_col_connection */ ;
/*!50003 DROP PROCEDURE IF EXISTS `editTelefono` */;
/*!50003 SET @saved_cs_client      = @@character_set_client */ ;
/*!50003 SET @saved_cs_results     = @@character_set_results */ ;
/*!50003 SET @saved_col_connection = @@collation_connection */ ;
/*!50003 SET character_set_client  = utf8 */ ;
/*!50003 SET character_set_results = utf8 */ ;
/*!50003 SET collation_connection  = utf8_general_ci */ ;
/*!50003 SET @saved_sql_mode       = @@sql_mode */ ;
/*!50003 SET sql_mode              = '' */ ;
DELIMITER ;;
CREATE DEFINER=`root`@`localhost` PROCEDURE `editTelefono`(IN descripcion VARCHAR(45),IN telefonoN VARCHAR(45))
BEGIN
	UPDATE Telefono
    SET telefono=telefonoN
	WHERE idTelefono=descripcion;
END ;;
DELIMITER ;
/*!50003 SET sql_mode              = @saved_sql_mode */ ;
/*!50003 SET character_set_client  = @saved_cs_client */ ;
/*!50003 SET character_set_results = @saved_cs_results */ ;
/*!50003 SET collation_connection  = @saved_col_connection */ ;
/*!50003 DROP PROCEDURE IF EXISTS `getAlumnosCurso` */;
/*!50003 SET @saved_cs_client      = @@character_set_client */ ;
/*!50003 SET @saved_cs_results     = @@character_set_results */ ;
/*!50003 SET @saved_col_connection = @@collation_connection */ ;
/*!50003 SET character_set_client  = utf8 */ ;
/*!50003 SET character_set_results = utf8 */ ;
/*!50003 SET collation_connection  = utf8_general_ci */ ;
/*!50003 SET @saved_sql_mode       = @@sql_mode */ ;
/*!50003 SET sql_mode              = '' */ ;
DELIMITER ;;
CREATE DEFINER=`root`@`localhost` PROCEDURE `getAlumnosCurso`(IN curso INT)
BEGIN
	select distinct idAlumno,nombreAlumno,apellidosAlumno
    from Alumno 
    inner join AlumnoCurso 
    on AlumnoCurso.codigoAlumno = Alumno.idAlumno
    inner join Curso
    where codigoCurso=curso;
END ;;
DELIMITER ;
/*!50003 SET sql_mode              = @saved_sql_mode */ ;
/*!50003 SET character_set_client  = @saved_cs_client */ ;
/*!50003 SET character_set_results = @saved_cs_results */ ;
/*!50003 SET collation_connection  = @saved_col_connection */ ;
/*!50003 DROP PROCEDURE IF EXISTS `getAlumnosProfesor` */;
/*!50003 SET @saved_cs_client      = @@character_set_client */ ;
/*!50003 SET @saved_cs_results     = @@character_set_results */ ;
/*!50003 SET @saved_col_connection = @@collation_connection */ ;
/*!50003 SET character_set_client  = utf8 */ ;
/*!50003 SET character_set_results = utf8 */ ;
/*!50003 SET collation_connection  = utf8_general_ci */ ;
/*!50003 SET @saved_sql_mode       = @@sql_mode */ ;
/*!50003 SET sql_mode              = '' */ ;
DELIMITER ;;
CREATE DEFINER=`root`@`localhost` PROCEDURE `getAlumnosProfesor`(IN profesor INT)
BEGIN
	select distinct idAlumno,nombreAlumno,apellidosAlumno,direccionAlumno,emailAlumno from Alumno
	inner join AlumnoCurso on AlumnoCurso.codigoAlumno=idAlumno
	inner join Curso on Curso.idCurso=AlumnoCurso.codigoCurso
	inner join Profesor on Curso.codigoProfesor=Profesor.idProfesor
	where idProfesor = profesor
    order by idAlumno;
END ;;
DELIMITER ;
/*!50003 SET sql_mode              = @saved_sql_mode */ ;
/*!50003 SET character_set_client  = @saved_cs_client */ ;
/*!50003 SET character_set_results = @saved_cs_results */ ;
/*!50003 SET collation_connection  = @saved_col_connection */ ;
/*!50003 DROP PROCEDURE IF EXISTS `getCentro` */;
/*!50003 SET @saved_cs_client      = @@character_set_client */ ;
/*!50003 SET @saved_cs_results     = @@character_set_results */ ;
/*!50003 SET @saved_col_connection = @@collation_connection */ ;
/*!50003 SET character_set_client  = utf8 */ ;
/*!50003 SET character_set_results = utf8 */ ;
/*!50003 SET collation_connection  = utf8_general_ci */ ;
/*!50003 SET @saved_sql_mode       = @@sql_mode */ ;
/*!50003 SET sql_mode              = '' */ ;
DELIMITER ;;
CREATE DEFINER=`root`@`localhost` PROCEDURE `getCentro`()
BEGIN
	SELECT nombreCentro,descripcionCentro,resumenCentro,direccionCentro
    FROM Centro;
END ;;
DELIMITER ;
/*!50003 SET sql_mode              = @saved_sql_mode */ ;
/*!50003 SET character_set_client  = @saved_cs_client */ ;
/*!50003 SET character_set_results = @saved_cs_results */ ;
/*!50003 SET collation_connection  = @saved_col_connection */ ;
/*!50003 DROP PROCEDURE IF EXISTS `getCursos` */;
/*!50003 SET @saved_cs_client      = @@character_set_client */ ;
/*!50003 SET @saved_cs_results     = @@character_set_results */ ;
/*!50003 SET @saved_col_connection = @@collation_connection */ ;
/*!50003 SET character_set_client  = utf8 */ ;
/*!50003 SET character_set_results = utf8 */ ;
/*!50003 SET collation_connection  = utf8_general_ci */ ;
/*!50003 SET @saved_sql_mode       = @@sql_mode */ ;
/*!50003 SET sql_mode              = '' */ ;
DELIMITER ;;
CREATE DEFINER=`root`@`localhost` PROCEDURE `getCursos`()
BEGIN
	SELECT idCurso,nombreCurso,descripcionCurso,horasCurso,codigoProfesor
    FROM Curso
    ORDER BY idCurso desc;
END ;;
DELIMITER ;
/*!50003 SET sql_mode              = @saved_sql_mode */ ;
/*!50003 SET character_set_client  = @saved_cs_client */ ;
/*!50003 SET character_set_results = @saved_cs_results */ ;
/*!50003 SET collation_connection  = @saved_col_connection */ ;
/*!50003 DROP PROCEDURE IF EXISTS `getCursosAlumno` */;
/*!50003 SET @saved_cs_client      = @@character_set_client */ ;
/*!50003 SET @saved_cs_results     = @@character_set_results */ ;
/*!50003 SET @saved_col_connection = @@collation_connection */ ;
/*!50003 SET character_set_client  = utf8 */ ;
/*!50003 SET character_set_results = utf8 */ ;
/*!50003 SET collation_connection  = utf8_general_ci */ ;
/*!50003 SET @saved_sql_mode       = @@sql_mode */ ;
/*!50003 SET sql_mode              = '' */ ;
DELIMITER ;;
CREATE DEFINER=`root`@`localhost` PROCEDURE `getCursosAlumno`(IN alumno INT)
BEGIN
	select codigoCurso from AlumnoCurso where codigoAlumno=alumno;
END ;;
DELIMITER ;
/*!50003 SET sql_mode              = @saved_sql_mode */ ;
/*!50003 SET character_set_client  = @saved_cs_client */ ;
/*!50003 SET character_set_results = @saved_cs_results */ ;
/*!50003 SET collation_connection  = @saved_col_connection */ ;
/*!50003 DROP PROCEDURE IF EXISTS `getCursosProfesor` */;
/*!50003 SET @saved_cs_client      = @@character_set_client */ ;
/*!50003 SET @saved_cs_results     = @@character_set_results */ ;
/*!50003 SET @saved_col_connection = @@collation_connection */ ;
/*!50003 SET character_set_client  = utf8 */ ;
/*!50003 SET character_set_results = utf8 */ ;
/*!50003 SET collation_connection  = utf8_general_ci */ ;
/*!50003 SET @saved_sql_mode       = @@sql_mode */ ;
/*!50003 SET sql_mode              = '' */ ;
DELIMITER ;;
CREATE DEFINER=`root`@`localhost` PROCEDURE `getCursosProfesor`(IN profesor INT)
BEGIN
	SELECT idCurso,nombreCurso,descripcionCurso,horasCurso,codigoProfesor
    FROM Curso
    WHERE codigoProfesor=profesor
    ORDER BY idCurso desc;
END ;;
DELIMITER ;
/*!50003 SET sql_mode              = @saved_sql_mode */ ;
/*!50003 SET character_set_client  = @saved_cs_client */ ;
/*!50003 SET character_set_results = @saved_cs_results */ ;
/*!50003 SET collation_connection  = @saved_col_connection */ ;
/*!50003 DROP PROCEDURE IF EXISTS `getEventos` */;
/*!50003 SET @saved_cs_client      = @@character_set_client */ ;
/*!50003 SET @saved_cs_results     = @@character_set_results */ ;
/*!50003 SET @saved_col_connection = @@collation_connection */ ;
/*!50003 SET character_set_client  = utf8 */ ;
/*!50003 SET character_set_results = utf8 */ ;
/*!50003 SET collation_connection  = utf8_general_ci */ ;
/*!50003 SET @saved_sql_mode       = @@sql_mode */ ;
/*!50003 SET sql_mode              = '' */ ;
DELIMITER ;;
CREATE DEFINER=`root`@`localhost` PROCEDURE `getEventos`()
BEGIN
	SELECT idEvento, nombreEvento, descripcionEvento, fechaEvento, imagenEvento
    FROM Evento
    ORDER BY idEvento desc;
END ;;
DELIMITER ;
/*!50003 SET sql_mode              = @saved_sql_mode */ ;
/*!50003 SET character_set_client  = @saved_cs_client */ ;
/*!50003 SET character_set_results = @saved_cs_results */ ;
/*!50003 SET collation_connection  = @saved_col_connection */ ;
/*!50003 DROP PROCEDURE IF EXISTS `getExamenes` */;
/*!50003 SET @saved_cs_client      = @@character_set_client */ ;
/*!50003 SET @saved_cs_results     = @@character_set_results */ ;
/*!50003 SET @saved_col_connection = @@collation_connection */ ;
/*!50003 SET character_set_client  = utf8 */ ;
/*!50003 SET character_set_results = utf8 */ ;
/*!50003 SET collation_connection  = utf8_general_ci */ ;
/*!50003 SET @saved_sql_mode       = @@sql_mode */ ;
/*!50003 SET sql_mode              = '' */ ;
DELIMITER ;;
CREATE DEFINER=`root`@`localhost` PROCEDURE `getExamenes`(IN profesor INT)
BEGIN
	select * from Examen
	inner join Curso
		on idCurso=codigoCurso
	inner join Profesor
		on idProfesor=codigoProfesor
	where codigoProfesor=profesor;
END ;;
DELIMITER ;
/*!50003 SET sql_mode              = @saved_sql_mode */ ;
/*!50003 SET character_set_client  = @saved_cs_client */ ;
/*!50003 SET character_set_results = @saved_cs_results */ ;
/*!50003 SET collation_connection  = @saved_col_connection */ ;
/*!50003 DROP PROCEDURE IF EXISTS `getFaltas` */;
/*!50003 SET @saved_cs_client      = @@character_set_client */ ;
/*!50003 SET @saved_cs_results     = @@character_set_results */ ;
/*!50003 SET @saved_col_connection = @@collation_connection */ ;
/*!50003 SET character_set_client  = utf8 */ ;
/*!50003 SET character_set_results = utf8 */ ;
/*!50003 SET collation_connection  = utf8_general_ci */ ;
/*!50003 SET @saved_sql_mode       = @@sql_mode */ ;
/*!50003 SET sql_mode              = '' */ ;
DELIMITER ;;
CREATE DEFINER=`root`@`localhost` PROCEDURE `getFaltas`(IN curso INT)
BEGIN
	select horasCurso
    from Curso
    where idCurso=curso;
END ;;
DELIMITER ;
/*!50003 SET sql_mode              = @saved_sql_mode */ ;
/*!50003 SET character_set_client  = @saved_cs_client */ ;
/*!50003 SET character_set_results = @saved_cs_results */ ;
/*!50003 SET collation_connection  = @saved_col_connection */ ;
/*!50003 DROP PROCEDURE IF EXISTS `getNombre` */;
/*!50003 SET @saved_cs_client      = @@character_set_client */ ;
/*!50003 SET @saved_cs_results     = @@character_set_results */ ;
/*!50003 SET @saved_col_connection = @@collation_connection */ ;
/*!50003 SET character_set_client  = utf8 */ ;
/*!50003 SET character_set_results = utf8 */ ;
/*!50003 SET collation_connection  = utf8_general_ci */ ;
/*!50003 SET @saved_sql_mode       = @@sql_mode */ ;
/*!50003 SET sql_mode              = '' */ ;
DELIMITER ;;
CREATE DEFINER=`root`@`localhost` PROCEDURE `getNombre`(IN id INT)
BEGIN
	select nombreUsuario
    from Usuario
    where idUsuario = id;
END ;;
DELIMITER ;
/*!50003 SET sql_mode              = @saved_sql_mode */ ;
/*!50003 SET character_set_client  = @saved_cs_client */ ;
/*!50003 SET character_set_results = @saved_cs_results */ ;
/*!50003 SET collation_connection  = @saved_col_connection */ ;
/*!50003 DROP PROCEDURE IF EXISTS `getNoticias` */;
/*!50003 SET @saved_cs_client      = @@character_set_client */ ;
/*!50003 SET @saved_cs_results     = @@character_set_results */ ;
/*!50003 SET @saved_col_connection = @@collation_connection */ ;
/*!50003 SET character_set_client  = utf8 */ ;
/*!50003 SET character_set_results = utf8 */ ;
/*!50003 SET collation_connection  = utf8_general_ci */ ;
/*!50003 SET @saved_sql_mode       = @@sql_mode */ ;
/*!50003 SET sql_mode              = '' */ ;
DELIMITER ;;
CREATE DEFINER=`root`@`localhost` PROCEDURE `getNoticias`()
BEGIN
	SELECT idNoticia, nombreNoticia, descripcionNoticia, fechaNoticia
    FROM Noticia
    ORDER BY idNoticia desc;
END ;;
DELIMITER ;
/*!50003 SET sql_mode              = @saved_sql_mode */ ;
/*!50003 SET character_set_client  = @saved_cs_client */ ;
/*!50003 SET character_set_results = @saved_cs_results */ ;
/*!50003 SET collation_connection  = @saved_col_connection */ ;
/*!50003 DROP PROCEDURE IF EXISTS `getProfesores` */;
/*!50003 SET @saved_cs_client      = @@character_set_client */ ;
/*!50003 SET @saved_cs_results     = @@character_set_results */ ;
/*!50003 SET @saved_col_connection = @@collation_connection */ ;
/*!50003 SET character_set_client  = utf8 */ ;
/*!50003 SET character_set_results = utf8 */ ;
/*!50003 SET collation_connection  = utf8_general_ci */ ;
/*!50003 SET @saved_sql_mode       = @@sql_mode */ ;
/*!50003 SET sql_mode              = '' */ ;
DELIMITER ;;
CREATE DEFINER=`root`@`localhost` PROCEDURE `getProfesores`()
BEGIN
	SELECT idProfesor,nombreProfesor,apellidosProfesor,direccionProfesor
    FROM Profesor
    ORDER BY idProfesor desc;
END ;;
DELIMITER ;
/*!50003 SET sql_mode              = @saved_sql_mode */ ;
/*!50003 SET character_set_client  = @saved_cs_client */ ;
/*!50003 SET character_set_results = @saved_cs_results */ ;
/*!50003 SET collation_connection  = @saved_col_connection */ ;
/*!50003 DROP PROCEDURE IF EXISTS `getTareas` */;
/*!50003 SET @saved_cs_client      = @@character_set_client */ ;
/*!50003 SET @saved_cs_results     = @@character_set_results */ ;
/*!50003 SET @saved_col_connection = @@collation_connection */ ;
/*!50003 SET character_set_client  = utf8 */ ;
/*!50003 SET character_set_results = utf8 */ ;
/*!50003 SET collation_connection  = utf8_general_ci */ ;
/*!50003 SET @saved_sql_mode       = @@sql_mode */ ;
/*!50003 SET sql_mode              = '' */ ;
DELIMITER ;;
CREATE DEFINER=`root`@`localhost` PROCEDURE `getTareas`(IN profesor INT)
BEGIN
	select * from Tarea
	inner join Curso
		on idCurso=codigoCurso
	inner join Profesor
		on idProfesor=codigoProfesor
	where codigoProfesor=profesor;
END ;;
DELIMITER ;
/*!50003 SET sql_mode              = @saved_sql_mode */ ;
/*!50003 SET character_set_client  = @saved_cs_client */ ;
/*!50003 SET character_set_results = @saved_cs_results */ ;
/*!50003 SET collation_connection  = @saved_col_connection */ ;
/*!50003 DROP PROCEDURE IF EXISTS `getTelefonos` */;
/*!50003 SET @saved_cs_client      = @@character_set_client */ ;
/*!50003 SET @saved_cs_results     = @@character_set_results */ ;
/*!50003 SET @saved_col_connection = @@collation_connection */ ;
/*!50003 SET character_set_client  = utf8 */ ;
/*!50003 SET character_set_results = utf8 */ ;
/*!50003 SET collation_connection  = utf8_general_ci */ ;
/*!50003 SET @saved_sql_mode       = @@sql_mode */ ;
/*!50003 SET sql_mode              = '' */ ;
DELIMITER ;;
CREATE DEFINER=`root`@`localhost` PROCEDURE `getTelefonos`()
BEGIN
	SELECT idTelefono,telefono
    FROM Telefono;
END ;;
DELIMITER ;
/*!50003 SET sql_mode              = @saved_sql_mode */ ;
/*!50003 SET character_set_client  = @saved_cs_client */ ;
/*!50003 SET character_set_results = @saved_cs_results */ ;
/*!50003 SET collation_connection  = @saved_col_connection */ ;
/*!50003 DROP PROCEDURE IF EXISTS `getUsuario` */;
/*!50003 SET @saved_cs_client      = @@character_set_client */ ;
/*!50003 SET @saved_cs_results     = @@character_set_results */ ;
/*!50003 SET @saved_col_connection = @@collation_connection */ ;
/*!50003 SET character_set_client  = utf8 */ ;
/*!50003 SET character_set_results = utf8 */ ;
/*!50003 SET collation_connection  = utf8_general_ci */ ;
/*!50003 SET @saved_sql_mode       = @@sql_mode */ ;
/*!50003 SET sql_mode              = '' */ ;
DELIMITER ;;
CREATE DEFINER=`root`@`localhost` PROCEDURE `getUsuario`(IN id INT, IN pass VARCHAR(10))
BEGIN
	SELECT 1 FROM Usuario 
    WHERE idUsuario=id
    AND passUsuario=pass;
END ;;
DELIMITER ;
/*!50003 SET sql_mode              = @saved_sql_mode */ ;
/*!50003 SET character_set_client  = @saved_cs_client */ ;
/*!50003 SET character_set_results = @saved_cs_results */ ;
/*!50003 SET collation_connection  = @saved_col_connection */ ;
/*!50003 DROP PROCEDURE IF EXISTS `newAlumno` */;
/*!50003 SET @saved_cs_client      = @@character_set_client */ ;
/*!50003 SET @saved_cs_results     = @@character_set_results */ ;
/*!50003 SET @saved_col_connection = @@collation_connection */ ;
/*!50003 SET character_set_client  = utf8 */ ;
/*!50003 SET character_set_results = utf8 */ ;
/*!50003 SET collation_connection  = utf8_general_ci */ ;
/*!50003 SET @saved_sql_mode       = @@sql_mode */ ;
/*!50003 SET sql_mode              = '' */ ;
DELIMITER ;;
CREATE DEFINER=`root`@`localhost` PROCEDURE `newAlumno`(IN id INT, IN nombre VARCHAR(45),IN apellidos VARCHAR(45),IN direccion VARCHAR(45), IN email VARCHAR(45), IN curso INT)
BEGIN
	IF NOT EXISTS ( SELECT idAlumno FROM Alumno where idAlumno=id)
    THEN
		INSERT INTO Alumno (idAlumno,nombreAlumno,apellidosAlumno,direccionAlumno,emailAlumno)
		VALUES (id,nombre,apellidos,direccion,email);
    END IF;
       
	IF NOT EXISTS ( SELECT codigoAlumno,codigoCurso FROM AlumnoCurso where codigoAlumno=id and codigoCurso = curso)
    THEN
		INSERT INTO AlumnoCurso (codigoAlumno,codigoCurso)
		VALUES (id,curso);
    END IF;
END ;;
DELIMITER ;
/*!50003 SET sql_mode              = @saved_sql_mode */ ;
/*!50003 SET character_set_client  = @saved_cs_client */ ;
/*!50003 SET character_set_results = @saved_cs_results */ ;
/*!50003 SET collation_connection  = @saved_col_connection */ ;
/*!50003 DROP PROCEDURE IF EXISTS `newCurso` */;
/*!50003 SET @saved_cs_client      = @@character_set_client */ ;
/*!50003 SET @saved_cs_results     = @@character_set_results */ ;
/*!50003 SET @saved_col_connection = @@collation_connection */ ;
/*!50003 SET character_set_client  = utf8 */ ;
/*!50003 SET character_set_results = utf8 */ ;
/*!50003 SET collation_connection  = utf8_general_ci */ ;
/*!50003 SET @saved_sql_mode       = @@sql_mode */ ;
/*!50003 SET sql_mode              = '' */ ;
DELIMITER ;;
CREATE DEFINER=`root`@`localhost` PROCEDURE `newCurso`(IN id INT, IN nombre VARCHAR(45), IN descripcion VARCHAR(45), IN horas INT, IN profesor INT)
BEGIN
	INSERT INTO Curso
    VALUES (id, nombre, descripcion, horas, profesor);
END ;;
DELIMITER ;
/*!50003 SET sql_mode              = @saved_sql_mode */ ;
/*!50003 SET character_set_client  = @saved_cs_client */ ;
/*!50003 SET character_set_results = @saved_cs_results */ ;
/*!50003 SET collation_connection  = @saved_col_connection */ ;
/*!50003 DROP PROCEDURE IF EXISTS `newEvento` */;
/*!50003 SET @saved_cs_client      = @@character_set_client */ ;
/*!50003 SET @saved_cs_results     = @@character_set_results */ ;
/*!50003 SET @saved_col_connection = @@collation_connection */ ;
/*!50003 SET character_set_client  = utf8 */ ;
/*!50003 SET character_set_results = utf8 */ ;
/*!50003 SET collation_connection  = utf8_general_ci */ ;
/*!50003 SET @saved_sql_mode       = @@sql_mode */ ;
/*!50003 SET sql_mode              = '' */ ;
DELIMITER ;;
CREATE DEFINER=`root`@`localhost` PROCEDURE `newEvento`(IN id INT, IN nombre VARCHAR(45), IN descripcion VARCHAR(45), IN fecha VARCHAR(45),IN imagen VARCHAR(45), IN centro INT)
BEGIN
	INSERT INTO Evento
    VALUES (id, nombre, descripcion, fecha, imagen, centro);
END ;;
DELIMITER ;
/*!50003 SET sql_mode              = @saved_sql_mode */ ;
/*!50003 SET character_set_client  = @saved_cs_client */ ;
/*!50003 SET character_set_results = @saved_cs_results */ ;
/*!50003 SET collation_connection  = @saved_col_connection */ ;
/*!50003 DROP PROCEDURE IF EXISTS `newExamen` */;
/*!50003 SET @saved_cs_client      = @@character_set_client */ ;
/*!50003 SET @saved_cs_results     = @@character_set_results */ ;
/*!50003 SET @saved_col_connection = @@collation_connection */ ;
/*!50003 SET character_set_client  = utf8 */ ;
/*!50003 SET character_set_results = utf8 */ ;
/*!50003 SET collation_connection  = utf8_general_ci */ ;
/*!50003 SET @saved_sql_mode       = @@sql_mode */ ;
/*!50003 SET sql_mode              = '' */ ;
DELIMITER ;;
CREATE DEFINER=`root`@`localhost` PROCEDURE `newExamen`(IN idExamen INT, IN nombreExamen VARCHAR(45), IN descripcionExamen VARCHAR(45), IN fechaExamen VARCHAR(45), IN codigoCurso INT)
BEGIN
	INSERT INTO Examen 
    VALUES (idExamen, nombreExamen,descripcionExamen,fechaExamen,codigoCurso);
END ;;
DELIMITER ;
/*!50003 SET sql_mode              = @saved_sql_mode */ ;
/*!50003 SET character_set_client  = @saved_cs_client */ ;
/*!50003 SET character_set_results = @saved_cs_results */ ;
/*!50003 SET collation_connection  = @saved_col_connection */ ;
/*!50003 DROP PROCEDURE IF EXISTS `newNoticia` */;
/*!50003 SET @saved_cs_client      = @@character_set_client */ ;
/*!50003 SET @saved_cs_results     = @@character_set_results */ ;
/*!50003 SET @saved_col_connection = @@collation_connection */ ;
/*!50003 SET character_set_client  = utf8 */ ;
/*!50003 SET character_set_results = utf8 */ ;
/*!50003 SET collation_connection  = utf8_general_ci */ ;
/*!50003 SET @saved_sql_mode       = @@sql_mode */ ;
/*!50003 SET sql_mode              = '' */ ;
DELIMITER ;;
CREATE DEFINER=`root`@`localhost` PROCEDURE `newNoticia`(IN id INT, IN nombre VARCHAR(45), IN descripcion VARCHAR(45), IN fecha VARCHAR(45), IN centro INT)
BEGIN
	INSERT INTO Noticia
    VALUES (id, nombre, descripcion, fecha, "imagen",centro);
END ;;
DELIMITER ;
/*!50003 SET sql_mode              = @saved_sql_mode */ ;
/*!50003 SET character_set_client  = @saved_cs_client */ ;
/*!50003 SET character_set_results = @saved_cs_results */ ;
/*!50003 SET collation_connection  = @saved_col_connection */ ;
/*!50003 DROP PROCEDURE IF EXISTS `newProfesor` */;
/*!50003 SET @saved_cs_client      = @@character_set_client */ ;
/*!50003 SET @saved_cs_results     = @@character_set_results */ ;
/*!50003 SET @saved_col_connection = @@collation_connection */ ;
/*!50003 SET character_set_client  = utf8 */ ;
/*!50003 SET character_set_results = utf8 */ ;
/*!50003 SET collation_connection  = utf8_general_ci */ ;
/*!50003 SET @saved_sql_mode       = @@sql_mode */ ;
/*!50003 SET sql_mode              = '' */ ;
DELIMITER ;;
CREATE DEFINER=`root`@`localhost` PROCEDURE `newProfesor`(IN id INT, IN nombre VARCHAR(45), IN apellidos VARCHAR(45), IN direccion VARCHAR(45))
BEGIN
	INSERT INTO Profesor
    VALUES (id, nombre, apellidos, direccion);
    INSERT INTO Usuario
    VALUES (id, nombre, "123456");
END ;;
DELIMITER ;
/*!50003 SET sql_mode              = @saved_sql_mode */ ;
/*!50003 SET character_set_client  = @saved_cs_client */ ;
/*!50003 SET character_set_results = @saved_cs_results */ ;
/*!50003 SET collation_connection  = @saved_col_connection */ ;
/*!50003 DROP PROCEDURE IF EXISTS `newTarea` */;
/*!50003 SET @saved_cs_client      = @@character_set_client */ ;
/*!50003 SET @saved_cs_results     = @@character_set_results */ ;
/*!50003 SET @saved_col_connection = @@collation_connection */ ;
/*!50003 SET character_set_client  = utf8 */ ;
/*!50003 SET character_set_results = utf8 */ ;
/*!50003 SET collation_connection  = utf8_general_ci */ ;
/*!50003 SET @saved_sql_mode       = @@sql_mode */ ;
/*!50003 SET sql_mode              = '' */ ;
DELIMITER ;;
CREATE DEFINER=`root`@`localhost` PROCEDURE `newTarea`(IN idTarea INT, IN nombreTarea VARCHAR(45), IN descripcionTarea VARCHAR(45), IN fechaTarea VARCHAR(45), IN codigoCurso INT)
BEGIN
	INSERT INTO Tarea 
    VALUES (idTarea, nombreTarea,descripcionTarea,fechaTarea,codigoCurso);
END ;;
DELIMITER ;
/*!50003 SET sql_mode              = @saved_sql_mode */ ;
/*!50003 SET character_set_client  = @saved_cs_client */ ;
/*!50003 SET character_set_results = @saved_cs_results */ ;
/*!50003 SET collation_connection  = @saved_col_connection */ ;
/*!50003 DROP PROCEDURE IF EXISTS `newTelefono` */;
/*!50003 SET @saved_cs_client      = @@character_set_client */ ;
/*!50003 SET @saved_cs_results     = @@character_set_results */ ;
/*!50003 SET @saved_col_connection = @@collation_connection */ ;
/*!50003 SET character_set_client  = utf8 */ ;
/*!50003 SET character_set_results = utf8 */ ;
/*!50003 SET collation_connection  = utf8_general_ci */ ;
/*!50003 SET @saved_sql_mode       = @@sql_mode */ ;
/*!50003 SET sql_mode              = '' */ ;
DELIMITER ;;
CREATE DEFINER=`root`@`localhost` PROCEDURE `newTelefono`(IN descripcion VARCHAR(45), IN telefono VARCHAR(45))
BEGIN
	INSERT INTO Telefono (idTelefono,telefono,codigoCentro)
    VALUES (descripcion, telefono, 1);
END ;;
DELIMITER ;
/*!50003 SET sql_mode              = @saved_sql_mode */ ;
/*!50003 SET character_set_client  = @saved_cs_client */ ;
/*!50003 SET character_set_results = @saved_cs_results */ ;
/*!50003 SET collation_connection  = @saved_col_connection */ ;
/*!50003 DROP PROCEDURE IF EXISTS `setCalificacion` */;
/*!50003 SET @saved_cs_client      = @@character_set_client */ ;
/*!50003 SET @saved_cs_results     = @@character_set_results */ ;
/*!50003 SET @saved_col_connection = @@collation_connection */ ;
/*!50003 SET character_set_client  = utf8 */ ;
/*!50003 SET character_set_results = utf8 */ ;
/*!50003 SET collation_connection  = utf8_general_ci */ ;
/*!50003 SET @saved_sql_mode       = @@sql_mode */ ;
/*!50003 SET sql_mode              = '' */ ;
DELIMITER ;;
CREATE DEFINER=`root`@`localhost` PROCEDURE `setCalificacion`(in curso int, in alumno int, in calificacion decimal(3,2))
BEGIN
	Update AlumnoCurso
    set calificacionAlumnoCurso = calificacion
    where codigoCurso=curso
    and codigoAlumno=alumno;
END ;;
DELIMITER ;
/*!50003 SET sql_mode              = @saved_sql_mode */ ;
/*!50003 SET character_set_client  = @saved_cs_client */ ;
/*!50003 SET character_set_results = @saved_cs_results */ ;
/*!50003 SET collation_connection  = @saved_col_connection */ ;
/*!50003 DROP PROCEDURE IF EXISTS `setFaltas` */;
/*!50003 SET @saved_cs_client      = @@character_set_client */ ;
/*!50003 SET @saved_cs_results     = @@character_set_results */ ;
/*!50003 SET @saved_col_connection = @@collation_connection */ ;
/*!50003 SET character_set_client  = utf8 */ ;
/*!50003 SET character_set_results = utf8 */ ;
/*!50003 SET collation_connection  = utf8_general_ci */ ;
/*!50003 SET @saved_sql_mode       = @@sql_mode */ ;
/*!50003 SET sql_mode              = '' */ ;
DELIMITER ;;
CREATE DEFINER=`root`@`localhost` PROCEDURE `setFaltas`(in curso int, in alumno int, in faltas int)
BEGIN
	Update AlumnoCurso
    set faltasAlumnoCurso = faltas
    where codigoCurso=curso
    and codigoAlumno=alumno;
END ;;
DELIMITER ;
/*!50003 SET sql_mode              = @saved_sql_mode */ ;
/*!50003 SET character_set_client  = @saved_cs_client */ ;
/*!50003 SET character_set_results = @saved_cs_results */ ;
/*!50003 SET collation_connection  = @saved_col_connection */ ;
/*!40103 SET TIME_ZONE=@OLD_TIME_ZONE */;

/*!40101 SET SQL_MODE=@OLD_SQL_MODE */;
/*!40014 SET FOREIGN_KEY_CHECKS=@OLD_FOREIGN_KEY_CHECKS */;
/*!40014 SET UNIQUE_CHECKS=@OLD_UNIQUE_CHECKS */;
/*!40101 SET CHARACTER_SET_CLIENT=@OLD_CHARACTER_SET_CLIENT */;
/*!40101 SET CHARACTER_SET_RESULTS=@OLD_CHARACTER_SET_RESULTS */;
/*!40101 SET COLLATION_CONNECTION=@OLD_COLLATION_CONNECTION */;
/*!40111 SET SQL_NOTES=@OLD_SQL_NOTES */;

-- Dump completed on 2016-08-29 18:35:44
